<?xml version="1.0" encoding="UTF-8"?>
<GenRun Id="zybo_z7_20_util_ds_buf_fclk1_0_synth_1" LaunchPart="xc7z020clg400-1" LaunchTime="1511240691">
  <File Type="RDS-UTIL" Name="zybo_z7_20_util_ds_buf_fclk1_0_utilization_synth.rpt"/>
  <File Type="RDS-PROPCONSTRS" Name="zybo_z7_20_util_ds_buf_fclk1_0_drc_synth.rpt"/>
  <File Type="RDS-UTIL-PB" Name="zybo_z7_20_util_ds_buf_fclk1_0_utilization_synth.pb"/>
  <File Type="RDS-DCP" Name="zybo_z7_20_util_ds_buf_fclk1_0.dcp"/>
  <File Type="VDS-TIMINGSUMMARY" Name="zybo_z7_20_util_ds_buf_fclk1_0_timing_summary_synth.rpt"/>
  <File Type="VDS-TIMING-PB" Name="zybo_z7_20_util_ds_buf_fclk1_0_timing_summary_synth.pb"/>
  <File Type="RDS-RDS" Name="zybo_z7_20_util_ds_buf_fclk1_0.vds"/>
  <File Type="PA-TCL" Name="zybo_z7_20_util_ds_buf_fclk1_0.tcl"/>
  <FileSet Name="sources" Type="BlockSrcs" RelSrcDir="$PSRCDIR/zybo_z7_20_util_ds_buf_fclk1_0">
    <File Path="$PPRDIR/../../../../../../src/bd/zybo_z7_20/ip/zybo_z7_20_util_ds_buf_fclk1_0/zybo_z7_20_util_ds_buf_fclk1_0.xci">
      <FileInfo>
        <Attr Name="Library" Val="xil_defaultlib"/>
        <Attr Name="UsedIn" Val="synthesis"/>
        <Attr Name="UsedIn" Val="implementation"/>
        <Attr Name="UsedIn" Val="simulation"/>
        <Attr Name="ProcessingOrder" Val="EARLY"/>
      </FileInfo>
    </File>
    <Config>
      <Option Name="TopModule" Val="zybo_z7_20_util_ds_buf_fclk1_0"/>
      <Option Name="UseBlackboxStub" Val="1"/>
    </Config>
  </FileSet>
  <FileSet Name="constrs_in" Type="BlockSrcs" RelSrcDir="$PSRCDIR/zybo_z7_20_util_ds_buf_fclk1_0">
    <File Path="$PPRDIR/../../../../../../src/bd/zybo_z7_20/ip/zybo_z7_20_util_ds_buf_fclk1_0/zybo_z7_20_util_ds_buf_fclk1_0.xci">
      <FileInfo>
        <Attr Name="Library" Val="xil_defaultlib"/>
        <Attr Name="UsedIn" Val="synthesis"/>
        <Attr Name="UsedIn" Val="implementation"/>
        <Attr Name="UsedIn" Val="simulation"/>
        <Attr Name="ProcessingOrder" Val="EARLY"/>
      </FileInfo>
    </File>
    <Config>
      <Option Name="TopModule" Val="zybo_z7_20_util_ds_buf_fclk1_0"/>
      <Option Name="UseBlackboxStub" Val="1"/>
    </Config>
  </FileSet>
  <Strategy Version="1" Minor="2">
    <StratHandle Name="Vivado Synthesis Defaults" Flow="Vivado Synthesis 2017"/>
    <Step Id="synth_design"/>
  </Strategy>
</GenRun>
