<?xml version="1.0" encoding="UTF-8"?>
<GenRun Id="zybo_z7_20_xbar_1_synth_1" LaunchPart="xc7z020clg400-1" LaunchTime="1509138261">
  <File Type="VDS-TIMING-PB" Name="zybo_z7_20_xbar_1_timing_summary_synth.pb"/>
  <File Type="VDS-TIMINGSUMMARY" Name="zybo_z7_20_xbar_1_timing_summary_synth.rpt"/>
  <File Type="RDS-RDS" Name="zybo_z7_20_xbar_1.vds"/>
  <File Type="PA-TCL" Name="zybo_z7_20_xbar_1.tcl"/>
  <File Type="RDS-PROPCONSTRS" Name="zybo_z7_20_xbar_1_drc_synth.rpt"/>
  <File Type="RDS-UTIL" Name="zybo_z7_20_xbar_1_utilization_synth.rpt"/>
  <File Type="RDS-UTIL-PB" Name="zybo_z7_20_xbar_1_utilization_synth.pb"/>
  <File Type="RDS-DCP" Name="zybo_z7_20_xbar_1.dcp"/>
  <FileSet Name="sources" Type="BlockSrcs" RelSrcDir="$PSRCDIR/zybo_z7_20_xbar_1">
    <File Path="$PPRDIR/../../../../../../src/bd/zybo_z7_20/ip/zybo_z7_20_xbar_1/zybo_z7_20_xbar_1.xci">
      <FileInfo>
        <Attr Name="UsedIn" Val="synthesis"/>
        <Attr Name="UsedIn" Val="implementation"/>
        <Attr Name="UsedIn" Val="simulation"/>
      </FileInfo>
    </File>
    <Config>
      <Option Name="TopModule" Val="zybo_z7_20_xbar_1"/>
      <Option Name="UseBlackboxStub" Val="1"/>
    </Config>
  </FileSet>
  <FileSet Name="constrs_in" Type="BlockSrcs" RelSrcDir="$PSRCDIR/zybo_z7_20_xbar_1">
    <File Path="$PPRDIR/../../../../../../src/bd/zybo_z7_20/ip/zybo_z7_20_xbar_1/zybo_z7_20_xbar_1.xci">
      <FileInfo>
        <Attr Name="UsedIn" Val="synthesis"/>
        <Attr Name="UsedIn" Val="implementation"/>
        <Attr Name="UsedIn" Val="simulation"/>
      </FileInfo>
    </File>
    <Config>
      <Option Name="TopModule" Val="zybo_z7_20_xbar_1"/>
      <Option Name="UseBlackboxStub" Val="1"/>
    </Config>
  </FileSet>
  <Strategy Version="1" Minor="2">
    <StratHandle Name="Vivado Synthesis Defaults" Flow="Vivado Synthesis 2017"/>
    <Step Id="synth_design"/>
  </Strategy>
</GenRun>
