<?xml version="1.0" encoding="UTF-8"?>
<GenRun Id="impl_1" LaunchPart="xc7z020clg400-1" LaunchTime="1516736533">
  <File Type="PA-TCL" Name="zybo_z7_20_wrapper.tcl"/>
  <File Type="POSTPLACE-PWROPT-DCP" Name="zybo_z7_20_wrapper_postplace_pwropt.dcp"/>
  <File Type="INIT-TIMING" Name="zybo_z7_20_wrapper_timing_summary_init.rpt"/>
  <File Type="OPT-DCP" Name="zybo_z7_20_wrapper_opt.dcp"/>
  <File Type="OPT-DRC" Name="zybo_z7_20_wrapper_drc_opted.rpt"/>
  <File Type="OPT-METHODOLOGY-DRC" Name="zybo_z7_20_wrapper_methodology_drc_opted.rpt"/>
  <File Type="OPT-HWDEF" Name="zybo_z7_20_wrapper.hwdef"/>
  <File Type="OPT-TIMING" Name="zybo_z7_20_wrapper_timing_summary_opted.rpt"/>
  <File Type="PWROPT-DCP" Name="zybo_z7_20_wrapper_pwropt.dcp"/>
  <File Type="PWROPT-DRC" Name="zybo_z7_20_wrapper_drc_pwropted.rpt"/>
  <File Type="PWROPT-TIMING" Name="zybo_z7_20_wrapper_timing_summary_pwropted.rpt"/>
  <File Type="PLACE-DCP" Name="zybo_z7_20_wrapper_placed.dcp"/>
  <File Type="PLACE-IO" Name="zybo_z7_20_wrapper_io_placed.rpt"/>
  <File Type="PLACE-CLK" Name="zybo_z7_20_wrapper_clock_utilization_placed.rpt"/>
  <File Type="PLACE-UTIL" Name="zybo_z7_20_wrapper_utilization_placed.rpt"/>
  <File Type="PLACE-UTIL-PB" Name="zybo_z7_20_wrapper_utilization_placed.pb"/>
  <File Type="PLACE-CTRL" Name="zybo_z7_20_wrapper_control_sets_placed.rpt"/>
  <File Type="PLACE-SIMILARITY" Name="zybo_z7_20_wrapper_incremental_reuse_placed.rpt"/>
  <File Type="PLACE-PRE-SIMILARITY" Name="zybo_z7_20_wrapper_incremental_reuse_pre_placed.rpt"/>
  <File Type="PLACE-TIMING" Name="zybo_z7_20_wrapper_timing_summary_placed.rpt"/>
  <File Type="RDI-RDI" Name="zybo_z7_20_wrapper.vdi"/>
  <File Type="POSTPLACE-PWROPT-TIMING" Name="zybo_z7_20_wrapper_timing_summary_postplace_pwropted.rpt"/>
  <File Type="PHYSOPT-DCP" Name="zybo_z7_20_wrapper_physopt.dcp"/>
  <File Type="PHYSOPT-DRC" Name="zybo_z7_20_wrapper_drc_physopted.rpt"/>
  <File Type="POSTROUTE-PHYSOPT-DCP" Name="zybo_z7_20_wrapper_postroute_physopt.dcp"/>
  <File Type="BG-BIT" Name="zybo_z7_20_wrapper.bit"/>
  <File Type="ROUTE-DCP" Name="zybo_z7_20_wrapper_routed.dcp"/>
  <File Type="POSTROUTE-PHYSOPT-TIMING-PB" Name="zybo_z7_20_wrapper_timing_summary_postroute_physopted.pb"/>
  <File Type="BG-BIN" Name="zybo_z7_20_wrapper.bin"/>
  <File Type="ROUTE-TIMING-PB" Name="zybo_z7_20_wrapper_timing_summary_routed.pb"/>
  <File Type="POSTROUTE-PHYSOPT-TIMING-RPX" Name="zybo_z7_20_wrapper_timing_summary_postroute_physopted.rpx"/>
  <File Type="BITSTR-MSK" Name="zybo_z7_20_wrapper.msk"/>
  <File Type="ROUTE-TIMING-RPX" Name="zybo_z7_20_wrapper_timing_summary_routed.rpx"/>
  <File Type="BITSTR-RBT" Name="zybo_z7_20_wrapper.rbt"/>
  <File Type="ROUTE-SIMILARITY" Name="zybo_z7_20_wrapper_incremental_reuse_routed.rpt"/>
  <File Type="BITSTR-NKY" Name="zybo_z7_20_wrapper.nky"/>
  <File Type="ROUTE-CLK" Name="zybo_z7_20_wrapper_clock_utilization_routed.rpt"/>
  <File Type="POSTROUTE-PHYSOPT-BLACKBOX-DCP" Name="zybo_z7_20_wrapper_postroute_physopt_bb.dcp"/>
  <File Type="BG-DRC" Name="zybo_z7_20_wrapper.drc"/>
  <File Type="ROUTE-BLACKBOX-DCP" Name="zybo_z7_20_wrapper_routed_bb.dcp"/>
  <File Type="BITSTR-MMI" Name="zybo_z7_20_wrapper.mmi"/>
  <File Type="WBT-USG" Name="usage_statistics_webtalk.html"/>
  <File Type="POSTROUTE-PHYSOPT-TIMING" Name="zybo_z7_20_wrapper_timing_summary_postroute_physopted.rpt"/>
  <File Type="BG-BGN" Name="zybo_z7_20_wrapper.bgn"/>
  <File Type="ROUTE-TIMINGSUMMARY" Name="zybo_z7_20_wrapper_timing_summary_routed.rpt"/>
  <File Type="BITSTR-SYSDEF" Name="zybo_z7_20_wrapper.sysdef"/>
  <File Type="BITSTR-BMM" Name="zybo_z7_20_wrapper_bd.bmm"/>
  <File Type="ROUTE-STATUS-PB" Name="zybo_z7_20_wrapper_route_status.pb"/>
  <File Type="ROUTE-STATUS" Name="zybo_z7_20_wrapper_route_status.rpt"/>
  <File Type="ROUTE-PWR-RPX" Name="zybo_z7_20_wrapper_power_routed.rpx"/>
  <File Type="ROUTE-PWR-SUM" Name="zybo_z7_20_wrapper_power_summary_routed.pb"/>
  <File Type="ROUTE-METHODOLOGY-DRC-RPX" Name="zybo_z7_20_wrapper_methodology_drc_routed.rpx"/>
  <File Type="ROUTE-PWR" Name="zybo_z7_20_wrapper_power_routed.rpt"/>
  <File Type="ROUTE-DRC-RPX" Name="zybo_z7_20_wrapper_drc_routed.rpx"/>
  <File Type="ROUTE-METHODOLOGY-DRC-PB" Name="zybo_z7_20_wrapper_methodology_drc_routed.pb"/>
  <File Type="ROUTE-DRC-PB" Name="zybo_z7_20_wrapper_drc_routed.pb"/>
  <File Type="ROUTE-METHODOLOGY-DRC" Name="zybo_z7_20_wrapper_methodology_drc_routed.rpt"/>
  <File Type="ROUTE-DRC" Name="zybo_z7_20_wrapper_drc_routed.rpt"/>
  <File Type="ROUTE-ERROR-DCP" Name="zybo_z7_20_wrapper_routed_error.dcp"/>
  <File Type="PHYSOPT-TIMING" Name="zybo_z7_20_wrapper_timing_summary_physopted.rpt"/>
  <FileSet Name="sources" Type="DesignSrcs" RelSrcDir="$PSRCDIR/sources_1">
    <Filter Type="Srcs"/>
    <File Path="$PSRCDIR/sources_1/bd/zybo_z7_20/zybo_z7_20.bd">
      <FileInfo>
        <Attr Name="ImportPath" Val="$PPRDIR/../../../../../../src/bd/zybo_z7_20/zybo_z7_20.bd"/>
        <Attr Name="ImportTime" Val="1511240676"/>
        <Attr Name="UsedIn" Val="synthesis"/>
        <Attr Name="UsedIn" Val="implementation"/>
        <Attr Name="UsedIn" Val="simulation"/>
      </FileInfo>
    </File>
    <File Path="$PSRCDIR/sources_1/imports/hdl/zybo_z7_20_wrapper.vhd">
      <FileInfo>
        <Attr Name="ImportPath" Val="$PPRDIR/../../../../../../src/bd/zybo_z7_20/hdl/zybo_z7_20_wrapper.vhd"/>
        <Attr Name="ImportTime" Val="1511240676"/>
        <Attr Name="UsedIn" Val="synthesis"/>
        <Attr Name="UsedIn" Val="simulation"/>
      </FileInfo>
    </File>
    <Config>
      <Option Name="DesignMode" Val="RTL"/>
      <Option Name="TopModule" Val="zybo_z7_20_wrapper"/>
      <Option Name="TopAutoSet" Val="TRUE"/>
    </Config>
  </FileSet>
  <FileSet Name="constrs_in" Type="Constrs" RelSrcDir="$PSRCDIR/constrs_1">
    <Filter Type="Constrs"/>
    <File Path="$PSRCDIR/constrs_1/imports/constraints/Zybo-Z7-Master.xdc">
      <FileInfo>
        <Attr Name="ImportPath" Val="$PPRDIR/../../../../../../src/constraints/Zybo-Z7-Master.xdc"/>
        <Attr Name="ImportTime" Val="1511241325"/>
        <Attr Name="UsedIn" Val="synthesis"/>
        <Attr Name="UsedIn" Val="implementation"/>
      </FileInfo>
    </File>
    <Config>
      <Option Name="TargetConstrsFile" Val="$PSRCDIR/constrs_1/imports/constraints/Zybo-Z7-Master.xdc"/>
      <Option Name="ConstrsType" Val="XDC"/>
    </Config>
  </FileSet>
  <Strategy Version="1" Minor="2">
    <StratHandle Name="Performance_ExtraTimingOpt" Flow="Vivado Implementation 2017"/>
    <Step Id="init_design"/>
    <Step Id="opt_design"/>
    <Step Id="power_opt_design"/>
    <Step Id="place_design">
      <Option Id="Directive">8</Option>
    </Step>
    <Step Id="post_place_power_opt_design"/>
    <Step Id="phys_opt_design" EnableStepBool="1">
      <Option Id="Directive">0</Option>
    </Step>
    <Step Id="route_design">
      <Option Id="Directive">5</Option>
    </Step>
    <Step Id="post_route_phys_opt_design"/>
    <Step Id="write_bitstream"/>
  </Strategy>
  <BlockFileSet Type="BlockSrcs" Name="zybo_z7_20_xbar_0"/>
  <BlockFileSet Type="BlockSrcs" Name="zybo_z7_20_dvi2rgb_1_0"/>
  <BlockFileSet Type="BlockSrcs" Name="zybo_z7_20_xbar_1"/>
  <BlockFileSet Type="BlockSrcs" Name="zybo_z7_20_axi_gpio_video_0"/>
  <BlockFileSet Type="BlockSrcs" Name="zybo_z7_20_axi_dynclk_0_0"/>
  <BlockFileSet Type="BlockSrcs" Name="zybo_z7_20_pwm_rgb_0"/>
  <BlockFileSet Type="BlockSrcs" Name="zybo_z7_20_axi_i2s_adi_0_0"/>
  <BlockFileSet Type="BlockSrcs" Name="zybo_z7_20_processing_system7_0_0"/>
  <BlockFileSet Type="BlockSrcs" Name="zybo_z7_20_axis_subset_converter_in_0"/>
  <BlockFileSet Type="BlockSrcs" Name="zybo_z7_20_auto_pc_1"/>
  <BlockFileSet Type="BlockSrcs" Name="zybo_z7_20_axi_vdma_1_0"/>
  <BlockFileSet Type="BlockSrcs" Name="zybo_z7_20_rgb2dvi_1_0"/>
  <BlockFileSet Type="BlockSrcs" Name="zybo_z7_20_util_ds_buf_fclk1_0"/>
  <BlockFileSet Type="BlockSrcs" Name="zybo_z7_20_axis_subset_converter_out_0"/>
  <BlockFileSet Type="BlockSrcs" Name="zybo_z7_20_proc_sys_reset_0_0"/>
  <BlockFileSet Type="BlockSrcs" Name="zybo_z7_20_axi_vdma_0_0"/>
  <BlockFileSet Type="BlockSrcs" Name="zybo_z7_20_proc_sys_reset_1_0"/>
  <BlockFileSet Type="BlockSrcs" Name="zybo_z7_20_xlconstant_1_0"/>
  <BlockFileSet Type="BlockSrcs" Name="zybo_z7_20_axi_gpio_led_0"/>
  <BlockFileSet Type="BlockSrcs" Name="zybo_z7_20_v_tc_in_0"/>
  <BlockFileSet Type="BlockSrcs" Name="zybo_z7_20_rst_ps7_0_133M_0"/>
  <BlockFileSet Type="BlockSrcs" Name="zybo_z7_20_s00_regslice_0"/>
  <BlockFileSet Type="BlockSrcs" Name="zybo_z7_20_proc_sys_reset_1_2"/>
  <BlockFileSet Type="BlockSrcs" Name="zybo_z7_20_m00_regslice_0"/>
  <BlockFileSet Type="BlockSrcs" Name="zybo_z7_20_s01_regslice_0"/>
  <BlockFileSet Type="BlockSrcs" Name="zybo_z7_20_v_tc_out_0"/>
  <BlockFileSet Type="BlockSrcs" Name="zybo_z7_20_rst_ps7_0_100M_0"/>
  <BlockFileSet Type="BlockSrcs" Name="zybo_z7_20_auto_pc_0"/>
  <BlockFileSet Type="BlockSrcs" Name="zybo_z7_20_proc_sys_reset_1_1"/>
  <BlockFileSet Type="BlockSrcs" Name="zybo_z7_20_clk_wiz_0_0"/>
  <BlockFileSet Type="BlockSrcs" Name="zybo_z7_20_v_axi4s_vid_out_0_0"/>
  <BlockFileSet Type="BlockSrcs" Name="zybo_z7_20_axi_gpio_sw_btn_0"/>
  <BlockFileSet Type="BlockSrcs" Name="zybo_z7_20_v_vid_in_axi4s_0_0"/>
  <BlockFileSet Type="BlockSrcs" Name="zybo_z7_20_xadc_wiz_0_0"/>
  <BlockFileSet Type="BlockSrcs" Name="zybo_z7_20_xlconcat_0_0"/>
  <BlockFileSet Type="BlockSrcs" Name="zybo_z7_20_xlconstant_0_0"/>
</GenRun>
