<?xml version="1.0" encoding="UTF-8"?>
<GenRun Id="synth_1" LaunchPart="xc7z020clg400-1" LaunchTime="1516736533">
  <File Type="PA-TCL" Name="zybo_z7_20_wrapper.tcl"/>
  <File Type="RDS-RDS" Name="zybo_z7_20_wrapper.vds"/>
  <File Type="VDS-TIMINGSUMMARY" Name="zybo_z7_20_wrapper_timing_summary_synth.rpt"/>
  <File Type="VDS-TIMING-PB" Name="zybo_z7_20_wrapper_timing_summary_synth.pb"/>
  <File Type="RDS-DCP" Name="zybo_z7_20_wrapper.dcp"/>
  <File Type="RDS-UTIL-PB" Name="zybo_z7_20_wrapper_utilization_synth.pb"/>
  <File Type="RDS-UTIL" Name="zybo_z7_20_wrapper_utilization_synth.rpt"/>
  <File Type="RDS-PROPCONSTRS" Name="zybo_z7_20_wrapper_drc_synth.rpt"/>
  <FileSet Name="sources" Type="DesignSrcs" RelSrcDir="$PSRCDIR/sources_1">
    <Filter Type="Srcs"/>
    <File Path="$PSRCDIR/sources_1/bd/zybo_z7_20/zybo_z7_20.bd">
      <FileInfo>
        <Attr Name="ImportPath" Val="$PPRDIR/../../../../../../src/bd/zybo_z7_20/zybo_z7_20.bd"/>
        <Attr Name="ImportTime" Val="1511240676"/>
        <Attr Name="UsedIn" Val="synthesis"/>
        <Attr Name="UsedIn" Val="implementation"/>
        <Attr Name="UsedIn" Val="simulation"/>
      </FileInfo>
    </File>
    <File Path="$PSRCDIR/sources_1/imports/hdl/zybo_z7_20_wrapper.vhd">
      <FileInfo>
        <Attr Name="ImportPath" Val="$PPRDIR/../../../../../../src/bd/zybo_z7_20/hdl/zybo_z7_20_wrapper.vhd"/>
        <Attr Name="ImportTime" Val="1511240676"/>
        <Attr Name="UsedIn" Val="synthesis"/>
        <Attr Name="UsedIn" Val="simulation"/>
      </FileInfo>
    </File>
    <Config>
      <Option Name="DesignMode" Val="RTL"/>
      <Option Name="TopModule" Val="zybo_z7_20_wrapper"/>
      <Option Name="TopAutoSet" Val="TRUE"/>
    </Config>
  </FileSet>
  <FileSet Name="constrs_in" Type="Constrs" RelSrcDir="$PSRCDIR/constrs_1">
    <Filter Type="Constrs"/>
    <File Path="$PSRCDIR/constrs_1/imports/constraints/Zybo-Z7-Master.xdc">
      <FileInfo>
        <Attr Name="ImportPath" Val="$PPRDIR/../../../../../../src/constraints/Zybo-Z7-Master.xdc"/>
        <Attr Name="ImportTime" Val="1511241325"/>
        <Attr Name="UsedIn" Val="synthesis"/>
        <Attr Name="UsedIn" Val="implementation"/>
      </FileInfo>
    </File>
    <Config>
      <Option Name="TargetConstrsFile" Val="$PSRCDIR/constrs_1/imports/constraints/Zybo-Z7-Master.xdc"/>
      <Option Name="ConstrsType" Val="XDC"/>
    </Config>
  </FileSet>
  <Strategy Version="1" Minor="2">
    <StratHandle Name="Vivado Synthesis Defaults" Flow="Vivado Synthesis 2017"/>
    <Step Id="synth_design"/>
  </Strategy>
  <BlockFileSet Type="BlockSrcs" Name="zybo_z7_20_xbar_0"/>
  <BlockFileSet Type="BlockSrcs" Name="zybo_z7_20_dvi2rgb_1_0"/>
  <BlockFileSet Type="BlockSrcs" Name="zybo_z7_20_xbar_1"/>
  <BlockFileSet Type="BlockSrcs" Name="zybo_z7_20_axi_gpio_video_0"/>
  <BlockFileSet Type="BlockSrcs" Name="zybo_z7_20_axi_dynclk_0_0"/>
  <BlockFileSet Type="BlockSrcs" Name="zybo_z7_20_pwm_rgb_0"/>
  <BlockFileSet Type="BlockSrcs" Name="zybo_z7_20_axi_i2s_adi_0_0"/>
  <BlockFileSet Type="BlockSrcs" Name="zybo_z7_20_processing_system7_0_0"/>
  <BlockFileSet Type="BlockSrcs" Name="zybo_z7_20_axis_subset_converter_in_0"/>
  <BlockFileSet Type="BlockSrcs" Name="zybo_z7_20_auto_pc_1"/>
  <BlockFileSet Type="BlockSrcs" Name="zybo_z7_20_axi_vdma_1_0"/>
  <BlockFileSet Type="BlockSrcs" Name="zybo_z7_20_rgb2dvi_1_0"/>
  <BlockFileSet Type="BlockSrcs" Name="zybo_z7_20_util_ds_buf_fclk1_0"/>
  <BlockFileSet Type="BlockSrcs" Name="zybo_z7_20_axis_subset_converter_out_0"/>
  <BlockFileSet Type="BlockSrcs" Name="zybo_z7_20_proc_sys_reset_0_0"/>
  <BlockFileSet Type="BlockSrcs" Name="zybo_z7_20_axi_vdma_0_0"/>
  <BlockFileSet Type="BlockSrcs" Name="zybo_z7_20_proc_sys_reset_1_0"/>
  <BlockFileSet Type="BlockSrcs" Name="zybo_z7_20_xlconstant_1_0"/>
  <BlockFileSet Type="BlockSrcs" Name="zybo_z7_20_axi_gpio_led_0"/>
  <BlockFileSet Type="BlockSrcs" Name="zybo_z7_20_v_tc_in_0"/>
  <BlockFileSet Type="BlockSrcs" Name="zybo_z7_20_rst_ps7_0_133M_0"/>
  <BlockFileSet Type="BlockSrcs" Name="zybo_z7_20_s00_regslice_0"/>
  <BlockFileSet Type="BlockSrcs" Name="zybo_z7_20_proc_sys_reset_1_2"/>
  <BlockFileSet Type="BlockSrcs" Name="zybo_z7_20_m00_regslice_0"/>
  <BlockFileSet Type="BlockSrcs" Name="zybo_z7_20_s01_regslice_0"/>
  <BlockFileSet Type="BlockSrcs" Name="zybo_z7_20_v_tc_out_0"/>
  <BlockFileSet Type="BlockSrcs" Name="zybo_z7_20_rst_ps7_0_100M_0"/>
  <BlockFileSet Type="BlockSrcs" Name="zybo_z7_20_auto_pc_0"/>
  <BlockFileSet Type="BlockSrcs" Name="zybo_z7_20_proc_sys_reset_1_1"/>
  <BlockFileSet Type="BlockSrcs" Name="zybo_z7_20_clk_wiz_0_0"/>
  <BlockFileSet Type="BlockSrcs" Name="zybo_z7_20_v_axi4s_vid_out_0_0"/>
  <BlockFileSet Type="BlockSrcs" Name="zybo_z7_20_axi_gpio_sw_btn_0"/>
  <BlockFileSet Type="BlockSrcs" Name="zybo_z7_20_v_vid_in_axi4s_0_0"/>
  <BlockFileSet Type="BlockSrcs" Name="zybo_z7_20_xadc_wiz_0_0"/>
  <BlockFileSet Type="BlockSrcs" Name="zybo_z7_20_xlconcat_0_0"/>
  <BlockFileSet Type="BlockSrcs" Name="zybo_z7_20_xlconstant_0_0"/>
</GenRun>
